{
  "bagging_fraction": 0.9540199587403635,
  "colsample_by_tree": 0.6564199451620043,
  "feature_fraction": 0.5714304293533367,
  "lambda_l1": 2.2251659842610576,
  "lambda_l2": 1.2079333435600792,
  "learning_rate": 0.16820886269443247,
  "max_depth": 9,
  "min_child_weight": 47.41695546390156,
  "min_split_gain": 0.05739339873336786,
  "num_leaves": 40,
  "subsample": 0.5177129433807957,
  "verbose":-1
}
